idContacto,nombreContacto,apellidoContacto,telefonoContacto,emailContacto,direccionContacto,estadoContacto,notasContactos
1,Renata,Mendoza,+1(201)450-7287,abeja.6783@example.org,Avenida Providencia,True,Alegre
2,Cristian,Delgado,+1(201)827-1226,abeja_1944@example.com,Avenida Libertador,True,Amable
3,Gerardo,Silva,+1(205)346-6937,abejaofficial8299@example.net,Avenida Fajardo,True,Agradable
4,Elena,Pérez,+1(205)582-4317,aguilaofficial9375@example.com,Avenida Universidad,True,Atractivo
5,Teresa,Fuentes,+1(206)695-4293,ajo8412@example.net,Avenida Caracas,True,Aventurero
6,Raúl,León,+1(206)926-7706,ajo@example.net,Calle Principal,True,Brillante
7,Arturo,Ponce,+1(207)812-8255,ajolab681@example.com,Avenida San Martín,True,Bondadoso
8,Martín,Muñoz,+1(208)398-2844,alpaca-2694@example.net,Boulevard de los Héroes,True,Creativo
9,Florencia,Gómez,+1(209)740-3451,alpaca723@example.org,Avenida 12 de Abril,True,Compasivo
10,Lorena,Arriaga,+1(209)847-1471,alpacaio5071@example.net,Calle Florida,False,Confiable
11,Andrea,Vega,+1(210)549-7659,amarillo_2617@example.com,Avenida de Mayo,False,Carismático
12,Estefanía,Camacho,+1(210)842-6661,anclaofficial1420@example.com,Avenida España,True,Cariñoso
13,Tomás,Martínez,+1(212)665-8347,android6272@example.org,Calle 100,True,Cuidadoso
14,Leonardo,Avila,+1(213)314-5189,antilope7867@example.net,Via del Mar,True,Dedicado
15,David,Vega,+1(214)422-7089,antilope_2078@example.com,Avenida Libertador,True,Determinado
16,Patricia,Miranda,+1(214)905-5490,antilopelab3286@example.com,Avenida del Libertador,True,Dinámico
17,Juan,Díaz,+1(215)358-9504,arenaio5991@example.com,Avenida 27 de Febrero,True,Educado
18,Sandra,Molina,+1(215)591-9891,arenaofficial8893@example.com,Avenida Boyacá,True,Eficiente
19,Daniela,Castro,+1(215)738-4809,arroz.9559@example.org,Avenida Tres de Febrero,True,Elegante
20,José,Godoy,+1(215)896-6479,arroz_3438@example.org,Avenida América,True,Entusiasta
21,Renata,Correa,+1(218)375-9801,arroz_4570@example.org,Avenida Paulista,True,Empático
22,Enrique,Orozco,+1(218)633-3010,arroz_7181@example.org,Avenida Paulista Oeste,True,Energético
23,Luciana,Cabrera,+1(218)939-8238,arte3271@example.com,Avenida 12 de Abril,True,Exitoso
24,Antonio,Godoy,+1(219)400-7586,artelab3264@example.net,Calle Mayorazgo,True,Flexible
25,Miguel,Carrillo,+1(219)509-6731,auto@example.net,Avenida América,True,Fiel
26,Sandra,Rivas,+1(219)866-3343,avestruz_6469@example.com,Avenida das Americas,True,Generoso
27,Francisco,Miranda,+1(220)416-5471,avestruzio8494@example.com,Calle 100,True,Gentil
28,Gerardo,Palacios,+1(220)825-6489,avion@example.com,Avenida 3 de Febrero,True,Honesto
29,Pedro,Torres,+1(220)983-6193,avionlab9217@example.net,Avenida San Martín,False,Humilde
30,Ernesto,Bravo,+1(225)687-2721,avionofficial9009@example.org,Avenida España,True,Ingenioso
31,Mauricio,Núñez,+1(228)331-3535,azucar.9029@example.net,Avenida 24 de Mayo,True,Inspirador
32,Raúl,Fuentes,+1(229)356-8166,azucar@example.net,Avenida República Argentina,True,Inteligente
33,Diego,Escobar,+1(231)239-8698,azucarofficial2829@example.com,Avenida Victoria,True,Juguetón
34,Santiago,Arriaga,+1(231)490-1463,azucarx8394@example.org,Avenida Lope de Vega,True,Justo
35,Verónica,Peralta,+1(231)914-6028,azul.6671@example.com,Avenida Costanera,True,Leal
36,Miguel,Arroyo,+1(234)980-5102,azul131@example.net,Avenida Independencia,True,Lúcido
37,Santiago,Zamora,+1(239)433-1676,azulio4123@example.org,Avenida Grito de Dolores,False,Motivado
38,Brenda,Vega,+1(240)327-2440,ballena.1976@example.org,Avenida 1 de Mayo,False,Noble
39,Pedro,Castro,+1(240)393-9251,ballena.48@example.org,Avenida 12 de Octubre,True,Optimista
40,David,Guerrero,+1(240)480-2733,ballenalab1801@example.com,Calle 18 de Julio,True,Ordenado
41,Jorge,Rivera,+1(240)507-4121,ballenalab7063@example.com,Calle 10,True,Paciente
42,Fernanda,Medina,+1(240)722-5872,ballenalab9593@example.com,Avenida 20 de Noviembre,True,Perseverante
43,Patricia,Castillo,+1(240)937-5345,barco5700@example.com,Avenida San Martín Norte,True,Persistente
44,Elena,León,+1(240)968-0470,barcoio8780@example.com,Avenida Simon Bolívar,True,Positivo
45,Guillermo,Chávez,+1(251)421-5910,barcoofficial2550@example.com,Avenida Independencia,True,Prudente
46,Diego,Romero,+1(251)922-7931,barcoofficial4667@example.com,Calle 13,True,Responsable
47,Fernando,Peña,+1(252)723-9199,barcox8157@example.com,Calle 9,True,Respetuoso
48,Ernesto,Valencia,+1(253)431-6267,bateria3278@example.com,Calle 18 de Julio,False,Sensato
49,Marisol,Soto,+1(253)719-0570,bici3850@example.com,Via del Mar,True,Sensible
50,Fernando,Estrada,+1(253)969-3859,bici_2884@example.com,Avenida San Juan,True,Sociable
51,Julio,Beltrán,+1(254)532-0697,bici_4235@example.net,Avenida 24 de Mayo,True,Solidario
52,Gerardo,Salazar,+1(254)790-5572,bicix4349@example.org,Avenida América,True,Talentoso
53,Luciana,Salazar,+1(254)985-0793,bigotelab1530@example.org,Avenida Las Américas,True,Valiente
54,Óscar,Guerrero,+1(256)224-1040,bigotex6612@example.com,Avenida 9 de Octubre,True,Virtuoso
55,Cecilia,Pérez,+1(256)506-1695,bisonteio471@example.com,Avenida João Pessoa,False,Vital
56,David,Cortez,+1(256)803-8258,bisontex5162@example.org,Avenida Amazonas Norte,True,Visionario
57,Manuel,Silva,+1(260)712-0009,blanco-4586@example.net,Boulevard Santa Fe,True,Vigoroso
58,Camila,Luna,+1(262)499-0502,blanco_1850@example.com,Carrera 7,False,Valioso
59,Rocío,Beltrán,+1(262)695-9959,blancolab2123@example.org,Paseo de los Héroes,True,Útil
60,Rocío,Montoya,+1(267)687-9920,blancoofficial3523@example.org,Avenida La Paz,True,Único
61,Carlos,Sánchez,+1(269)509-7625,blancoofficial536@example.net,Avenida República,True,Admirable
62,Orlando,Gómez,+1(272)239-5692,bosque@example.org,Avenida Universidad,True,Afectuoso
63,Pedro,Romero,+1(283)327-0421,bosqueofficial1981@example.org,Avenida João Pessoa,True,Amigable
64,Víctor,Cordero,+1(283)778-7007,botella-7675@example.net,Avenida 7 de Mayo,True,Amoroso
65,Natalia,Serrano,+1(301)644-0489,botella_2560@example.org,Avenida 24 de Mayo,True,Apasionado
66,Sandra,Castillo,+1(301)842-0099,botellalab5866@example.com,Paseo de la Reforma Norte,True,Audaz
67,Tatiana,Moreno,+1(301)842-4432,brinco@example.org,Avenida Boyacá,True,Brillante
68,Ángel,Montoya,+1(303)651-2583,brinco_3752@example.com,Avenida Gálvez,True,Bondadoso
69,Ramiro,Camacho,+1(303)768-6506,brincolab3231@example.com,Avenida Belgrano,True,Carismático
70,Renata,Cardenas,+1(304)417-1285,brincoofficial8350@example.org,Calle 13,True,Confiable
71,Felipe,Martínez,+1(304)846-7710,brincox1287@example.org,Calle Florida,True,Creativo
72,Rebeca,Contreras,+1(305)255-3804,brisa@example.org,Calle 21 de Mayo,True,Cuidadoso
73,Leticia,Romero,+1(308)939-3946,brisa_8896@example.com,Avenida Bicentenario,True,Dedicado
74,Iván,Cortez,+1(309)970-7376,brisax8367@example.net,Paseo de los Héroes,True,Determinado
75,Estefanía,Fuentes,+1(312)928-9697,bug.5887@example.com,Calle Bolívar,True,Dinámico
76,Julia,Romero,+1(313)336-8417,bug.6066@example.com,Carrera 15,True,Eficaz
77,Raúl,Valdez,+1(314)390-5220,bug@example.org,Calle 21 de Mayo,False,Educado
78,Sebastián,Camacho,+1(315)324-7032,buglab5612@example.org,Carrera 15,True,Elegante
79,Estefanía,Cuevas,+1(315)339-9636,buglab9678@example.com,Avenida de la Playa,True,Emprendedor
80,Rocío,Molina,+1(315)906-7520,byte.8645@example.com,Avenida Sucre,False,Enérgico
81,Lucía,Rodríguez,+1(316)680-0711,byte9516@example.com,Avenida Grito de Dolores,False,Entusiasta
82,Vanessa,Godoy,+1(318)879-5656,byte@example.net,Avenida Central,True,Empático
83,Alejandra,Ibarra,+1(319)201-8867,caballo.4439@example.org,Avenida Costanera,True,Exitoso
84,María,Ramos,+1(319)399-9335,caballoofficial8248@example.net,Calle Principal,True,Flexible
85,Andrés,Peralta,+1(319)822-7730,caballox4947@example.org,Camino Real,True,Firme
86,Patricia,Salazar,+1(320)810-3684,caballox787@example.org,Avenida Costanera,True,Generoso
87,Yesenia,Zamora,+1(321)210-7314,cacaoofficial1216@example.org,Avenida 6 de Diciembre,True,Gentil
88,Estefanía,Zamora,+1(321)610-3076,cache_9858@example.net,Avenida Bicentenario,True,Honesto
89,Liliana,Rivas,+1(321)633-2056,cacheofficial99@example.org,Avenida 20 de Noviembre,True,Humilde
90,Iván,Rojas,+1(321)848-9634,camaleon_1416@example.org,Avenida Boyacá,False,Ingenioso
91,Enrique,Cruz,+1(323)866-0222,camaleonx5993@example.net,Calle Principal,True,Inspirador
92,Antonio,Camacho,+1(325)584-1668,camara.3983@example.com,Camino a la Sierra,True,Inteligente
93,Álvaro,Del Valle,+1(325)880-3848,camara@example.org,Avenida España,False,Leal
94,Víctor,Castro,+1(327)865-0718,camara_3128@example.org,Avenida Revolución,True,Luminoso
95,Mariana,Rivas,+1(327)882-1995,camionio9574@example.net,Avenida Providencia,True,Motivado
96,Paola,Romero,+1(332)325-2717,candado_3094@example.net,Avenida das Americas,True,Noble
97,Valentina,Martínez,+1(337)523-2699,candado_6511@example.org,Avenida Paulista Oeste,True,Optimista
98,Marco,Zamora,+1(339)306-3943,cangrejo-3189@example.net,Avenida 12 de Abril,True,Organizado
99,Julio,Mendoza,+1(347)449-2985,cangrejo5119@example.org,Calle Bolívar,False,Paciente
100,Fernanda,Orozco,+1(351)490-9747,cangrejoofficial3188@example.com,Ring Road,False,Perseverante
101,Jimena,Ochoa,+1(352)844-1776,capitan.1689@example.net,Avenida 24 de Mayo,True,Persistente
102,Carolina,Suárez,+1(360)356-4934,capitanx6639@example.net,Plaza Mayor,True,Positivo
103,Carolina,Quintero,+1(360)644-0938,cascada.3253@example.com,Camino de los Españoles,False,Prudente
104,Jorge,Chávez,+1(360)727-9123,cascadaofficial2035@example.net,Paseo de la Reforma,True,Responsable
105,Álvaro,Guerrero,+1(361)469-7876,cascadax861@example.org,Avenida Pedro de Valdivia,False,Respetuoso
106,Sandra,Delgado,+1(380)559-6831,caverna@example.com,Paseo de los Héroes,True,Sensato
107,Tatiana,López,+1(385)415-6309,caverna_1652@example.org,Calle Mayorazgo,True,Sensible
108,Ángel,Bautista,+1(385)942-9412,cebolla-3876@example.net,Avenida Providencia,True,Sociable
109,Vanessa,Espinoza,+1(386)814-3191,cebolla-4566@example.net,Calle 10,True,Solidario
110,Óscar,Guerrero,+1(401)458-6043,cebolla_1201@example.com,Avenida Libertador Bernardo O'Higgins,True,Talentoso
111,Arturo,Paredes,+1(401)592-0036,cebollaio730@example.net,Avenida Paulista Oeste,True,Valiente
112,Sandra,Carrillo,+1(401)605-7682,celeste@example.net,Avenida Las Américas,False,Virtuoso
113,Tatiana,Acosta,+1(401)793-2990,celesteofficial3178@example.net,Avenida 9 de Julio,True,Vital
114,Jorge,Cruz,+1(401)906-2140,cerdo314@example.org,Avenida Costanera,False,Visionario
115,Rubén,Valdez,+1(402)670-8966,cerdo@example.net,Avenida del Mar,True,Vigoroso
116,Leonardo,Rojas,+1(402)743-0201,cerdo_8386@example.com,Avenida Central Norte,True,Valioso
117,Diana,Bravo,+1(402)755-8605,cereza-4764@example.org,Calle O'Higgins,True,Útil
118,Óscar,Vásquez,+1(404)754-0728,cerezax8167@example.net,Avenida Santa Fe,True,Único
119,Laura,Ibarra,+1(405)217-9577,chimpanceofficial9936@example.com,Avenida del Libertador,True,Admirable
120,Emilio,Vargas,+1(406)317-1441,chita-9512@example.org,Avenida das Americas,False,Afectuoso
121,Yesenia,Núñez,+1(406)370-9191,chita.5893@example.net,Avenida Amazonas Sur,False,Amable
122,Diana,Villalobos,+1(407)349-4147,chita1425@example.com,Avenida João Pessoa,False,Amigable
123,Carolina,Arroyo,+1(407)631-1931,chitalab6645@example.net,Avenida 9 de Julio,True,Atractivo
124,Emilio,Rivas,+1(408)218-4733,chitaofficial244@example.org,Avenida Juan de Garay,True,Apasionado
125,Carlos,Correa,+1(409)720-8308,chocolate.6495@example.com,Camino a la Playa,True,Audaz
126,Cecilia,Cabrera,+1(410)268-1755,chocolate@example.org,Avenida Brasil,False,Brillante
127,Verónica,Correa,+1(410)391-0478,chocolateio9469@example.net,Avenida Providencia,True,Bondadoso
128,Vanessa,Bautista,+1(410)530-8762,ciervo_236@example.net,Avenida 20 de Noviembre,True,Carismático
129,Ernesto,Salas,+1(410)722-2218,ciervox2547@example.net,Avenida Luro,True,Confiable
130,Adriana,Núñez,+1(413)641-5502,ciervox3848@example.org,Calle San José,False,Creativo
131,Sandra,Solís,+1(414)945-6226,cisnelab3530@example.net,Avenida Belgrano,True,Cuidadoso
132,Tatiana,García,+1(415)294-4545,cisnelab596@example.com,Calle San José,True,Dedicado
133,Patricia,Solís,+1(415)609-1843,cisnex2542@example.org,Calle 18 de Julio,True,Determinado
134,Carmen,Chávez,+1(417)342-7322,codigo-3971@example.com,Malecón,True,Dinámico
135,Óscar,Molina,+1(423)242-1145,cohetex2068@example.org,Avenida del Comercio,True,Eficaz
136,Elisa,Herrera,+1(424)273-1416,cola_248@example.net,Avenida Simon Bolívar,True,Educado
137,Raúl,Ponce,+1(424)496-5693,colax746@example.org,Avenida 5 de Mayo,True,Elegante
138,Enrique,Paredes,+1(424)566-4204,colibri_1705@example.org,Avenida 5 de Mayo,True,Emprendedor
139,Jorge,Peña,+1(424)597-2622,colibriio5720@example.com,Calle del Sol,True,Enérgico
140,Mauricio,Montoya,+1(425)375-9617,colibrilab1442@example.com,Avenida 9 de Julho,True,Entusiasta
141,Antonio,Godoy,+1(425)783-0728,cometa.8210@example.com,Avenida Costanera,False,Empático
142,Mariana,Reyes,+1(430)348-9037,cometa@example.com,Avenida 12 de Abril,True,Exitoso
143,Víctor,Flores,+1(430)383-5454,cometaofficial4932@example.com,Carrera 15,True,Flexible
144,Carmen,Valdez,+1(430)998-1478,cometax9382@example.net,Avenida de la Cultura,True,Firme
145,Luis,Ponce,+1(432)252-3998,conejo.983@example.org,Avenida Córdoba,True,Generoso
146,Marco,Muñoz,+1(434)729-7699,conejo_3112@example.net,Avenida Bicentenario,True,Gentil
147,Javier,Luna,+1(435)393-2388,conejoio3576@example.net,Avenida Amazonas Sur,True,Honesto
148,Marco,Acosta,+1(442)389-4268,conejolab2097@example.org,Avenida Paseo Colón,True,Humilde
149,Carolina,Arroyo,+1(442)997-7194,conejolab9930@example.com,Avenida Libertador Norte,True,Ingenioso
150,Isabel,Pérez,+1(443)494-4197,debug@example.com,Avenida Libertad,True,Inspirador
151,Diego,Ibarra,+1(443)565-8644,debug_9708@example.com,Camino Real,True,Inteligente
152,Verónica,Rivas,+1(443)888-9787,delfin@example.net,Avenida Caracas,True,Leal
153,Daniela,Villalobos,+1(443)953-3802,delfinofficial5633@example.com,Calle Bolívar,True,Luminoso
154,Manuel,Maldonado,+1(458)245-9228,dulce-4981@example.com,Avenida 3 de Febrero,True,Motivado
155,Julia,Beltrán,+1(458)352-2792,dulce9017@example.com,Avenida Río Branco,True,Noble
156,Felipe,López,+1(469)452-4058,dulce_52@example.com,Calle 13,True,Optimista
157,Ramiro,Guerrero,+1(469)474-2270,dulceio8401@example.org,Avenida Boyacá,True,Organizado
158,Raúl,Ortiz,+1(469)522-5286,eco.2463@example.net,Avenida Paulista,True,Paciente
159,Adriana,Martínez,+1(469)774-6567,eco@example.com,Avenida La Paz,True,Perseverante
160,Emilio,Peña,+1(469)817-2342,eco@example.org,Calle San Martín,True,Persistente
161,Emilio,Cisneros,+1(470)754-8162,erizo2747@example.net,Calle 13,False,Positivo
162,Marisol,Del Valle,+1(475)518-6355,erizox5661@example.net,Avenida Simon Bolívar,False,Prudente
163,Andrea,Ibarra,+1(475)975-4355,espiral-2196@example.com,Calle Florida,True,Responsable
164,Tomás,Peña,+1(480)917-9267,estrella.5855@example.org,Avenida 20 de Julio,True,Respetuoso
165,Eduardo,Ramírez,+1(501)354-1216,estrella4786@example.com,Avenida La Paz,True,Sensato
166,Patricia,Guerrero,+1(501)622-3788,estrella_8224@example.com,Via Argentina,True,Sensible
167,Claudia,González,+1(503)202-1037,estrellaio304@example.net,Avenida América,True,Sociable
168,Andrés,Contreras,+1(503)230-6040,farolab2062@example.com,Avenida del Comercio,True,Solidario
169,Vanessa,Campos,+1(503)962-7196,farolab8466@example.org,Carrera 15,True,Talentoso
170,Mirian,Ortiz,+1(504)663-9759,flor4771@example.org,Calle Real,True,Valiente
171,Felipe,Ramos,+1(505)493-8358,flor9501@example.com,Calle del Sol,True,Virtuoso
172,Guillermo,Rojas,+1(507)259-3205,flor_5340@example.org,Avenida Universidad,True,Vital
173,Sofía,Romero,+1(507)578-6522,foca6458@example.com,Calle del Sol,True,Visionario
174,Laura,Escobar,+1(508)747-5128,foco-9538@example.com,Avenida Juárez,True,Vigoroso
175,Enrique,Serrano,+1(508)937-5112,focoofficial1715@example.com,Avenida Corrientes,True,Valioso
176,Isabel,León,+1(509)670-9581,focox6493@example.net,Avenida República Argentina,True,Útil
177,Fernando,Valdez,+1(510)600-1458,fresa.1826@example.com,Avenida República Argentina,True,Único
178,Claudia,Ibarra,+1(510)806-7954,fresa@example.com,Avenida 5 de Febrero,True,Admirable
179,Beatriz,Montoya,+1(510)914-1481,fresa@example.net,Boulevard Santa Fe,True,Afectuoso
180,Manuel,Bautista,+1(512)984-4495,fresalab8881@example.org,Avenida 12 de Abril,True,Amable
181,Daniela,Bravo,+1(512)985-9058,frijol_3722@example.net,Avenida Hidalgo,True,Amigable
182,Marta,Delgado,+1(513)947-7417,frijolofficial58@example.com,Plaza Mayor,True,Amoroso
183,Elisa,González,+1(513)993-5263,galletaio8224@example.com,Avenida Constitucion,True,Apasionado
184,Adriana,Martínez,+1(515)510-9392,gallo-4440@example.com,Avenida San Juan,True,Audaz
185,Lucía,Cruz,+1(515)671-8699,gallo.1846@example.org,Calle San Martín,True,Brillante
186,Cristian,Medina,+1(515)734-5053,gallo3141@example.net,Avenida Presidente Perón,True,Bondadoso
187,Rebeca,Estrada,+1(516)587-1499,gallo5948@example.com,Avenida 3 de Febrero,True,Carismático
188,Martín,Benítez,+1(516)896-1711,gallo_6084@example.org,Calle O'Higgins,False,Confiable
189,Jorge,Avila,+1(517)440-3843,gallolab6274@example.org,Camino Real,True,Creativo
190,Rebeca,Hernández,+1(518)352-3180,gallox6670@example.net,Avenida San Martín Norte,True,Cuidadoso
191,Felipe,García,+1(518)404-5351,gallox7162@example.org,Avenida Corrientes,True,Dedicado
192,Patricia,Rivas,+1(518)674-2389,gatolab3189@example.net,Avenida Tres de Febrero,True,Determinado
193,Luis,Gallegos,+1(518)717-9131,gatoofficial5671@example.com,Calle Principal,True,Dinámico
194,Natalia,Arriaga,+1(520)820-3912,gaviota-4580@example.net,Avenida 12 de Abril,False,Eficaz
195,Sofía,Arriaga,+1(530)291-5572,gaviotaio1740@example.com,Avenida del Valle,True,Educado
196,David,Miranda,+1(530)539-2399,gaviotaofficial3625@example.org,Avenida América,True,Elegante
197,Marisol,Arroyo,+1(531)358-0084,gigalab2803@example.net,Avenida 7 de Mayo,True,Emprendedor
198,Beatriz,Gallegos,+1(531)756-6732,glaciar@example.net,Camino Real,True,Enérgico
199,Mariana,Vásquez,+1(534)596-3012,glaciarlab6587@example.com,Calle 25 de Mayo,True,Entusiasta
200,Pablo,Romero,+1(539)531-4254,glaciarx7726@example.com,Avenida Alvear Norte,True,Empático
201,Gabriela,Salazar,+1(540)231-2301,gorila3582@example.org,Avenida San Juan,False,Exitoso
202,Emilio,Espinoza,+1(540)385-4903,gorila8351@example.com,Avenida Revolución,True,Flexible
203,Ángela,Ibarra,+1(540)827-3973,gris2303@example.org,Avenida Insurgentes,True,Firme
204,Eduardo,Rodríguez,+1(541)405-2487,gris4052@example.net,Avenida España,False,Generoso
205,Luis,Rivas,+1(551)396-6676,gris@example.com,Via Argentina,False,Gentil
206,Camila,Ochoa,+1(559)754-3101,grislab9718@example.com,Avenida 9 de Julho,True,Honesto
207,Isabel,Vargas,+1(559)956-0102,grislab9822@example.org,Avenida Juárez,True,Humilde
208,Estefanía,Bautista,+1(561)286-4402,guitarra1489@example.org,Avenida del Comercio,False,Ingenioso
209,Daniela,Bautista,+1(561)584-6130,heap.9362@example.org,Avenida del Parque,True,Inspirador
210,Laura,Padilla,+1(561)712-5736,heap518@example.org,Carrera 15,False,Inteligente
211,Adriana,Vega,+1(561)883-5282,heapio9249@example.net,Avenida Bicentenario,True,Leal
212,Álvaro,Del Valle,+1(562)218-4707,heaplab9736@example.com,Calle San Martín,False,Luminoso
213,Alejandra,Cabrera,+1(562)301-2928,heapofficial8373@example.org,Avenida 9 de Julho,True,Motivado
214,Carlos,Campos,+1(562)356-7019,hojaio6180@example.org,Avenida 24 de Mayo,True,Noble
215,Elena,Beltrán,+1(562)817-4390,hojalab60@example.org,Avenida 9 de Julio,True,Optimista
216,Víctor,Morales,+1(563)309-7988,huerto_5891@example.com,Gran Vía,True,Organizado
217,Gustavo,Luna,+1(563)386-1710,huron.8608@example.com,Avenida Costanera,True,Paciente
218,Alejandra,Herrera,+1(563)409-3036,huron_7485@example.com,Avenida Las Américas,True,Perseverante
219,Mauricio,Vásquez,+1(563)559-6562,huronofficial2623@example.org,Avenida Rivadavia,True,Persistente
220,Julio,Flores,+1(563)980-3381,iguana5362@example.com,Avenida 12 de Abril,True,Positivo
221,Claudia,Treviño,+1(567)378-2222,isla.6374@example.org,Avenida del Comercio,True,Prudente
222,Alejandra,Fuentes,+1(567)559-5072,islaio468@example.net,Avenida das Americas,False,Responsable
223,Lorena,Miranda,+1(567)775-1762,jardinofficial7027@example.org,Avenida Corrientes,True,Respetuoso
224,Juan,Vásquez,+1(570)456-2546,kilo.3777@example.org,Calle 10,True,Sensato
225,Jorge,Fuentes,+1(573)331-3650,kilolab1457@example.net,Calle 100,True,Sensible
226,Tomás,Moreno,+1(573)347-5277,lago7148@example.com,Avenida Belgrano,False,Sociable
227,Santiago,Maldonado,+1(573)604-2564,lagoio8439@example.com,Calle San Martín,True,Solidario
228,Elena,Mejía,+1(574)342-5960,lapiz.1625@example.com,Calle 21 de Mayo,False,Talentoso
229,Rafael,García,+1(574)887-9949,lapiz2847@example.net,Avenida Belgrano,False,Valiente
230,María,Luna,+1(580)596-3465,lapizio5213@example.net,Avenida Revolución,True,Virtuoso
231,Eduardo,Escobar,+1(580)596-6300,lapizlab638@example.org,Calle del Parque,False,Vital
232,Arturo,Palacios,+1(580)915-7021,leon-8562@example.com,Avenida del Mar,True,Visionario
233,Ana,Campos,+1(582)308-4314,leon.9239@example.org,Avenida Paulista Oeste,True,Vigoroso
234,Víctor,Campos,+1(585)809-8070,leonio7697@example.org,Avenida Belgrano,True,Valioso
235,Emilio,Castro,+1(585)922-8163,libro@example.net,Calle 18 de Julio,True,Útil
236,Guillermo,Moreno,+1(585)995-4368,libro@example.org,Avenida Figueroa Alcorta,True,Único
237,Guillermo,Contreras,+1(586)272-7717,libroio3259@example.org,Avenida Simon Bolívar,False,Admirable
238,Elisa,Medina,+1(586)499-1295,librolab1169@example.net,Avenida Simon Bolívar,True,Afectuoso
239,Rafael,Padilla,+1(586)643-0686,limon.2870@example.org,Via Argentina,False,Amable
240,Alejandra,Carrillo,+1(601)215-3922,limon4110@example.org,Avenida Presidente Perón,True,Amigable
241,Carolina,Cruz,+1(601)605-2892,linterna.6597@example.com,Avenida Libertad,True,Amoroso
242,Antonio,Romero,+1(601)800-7265,linterna6920@example.net,Camino Real,True,Apasionado
243,Julio,Delgado,+1(602)205-2503,linternaofficial6942@example.com,Avenida Presidente Vargas,False,Audaz
244,Alexander,Hernández,+1(602)382-7661,llama@example.com,Calle 18 de Julio,True,Brillante
245,Enrique,Rojas,+1(602)686-4321,llave.3324@example.net,Avenida 27 de Febrero,True,Bondadoso
246,Emilio,Bautista,+1(602)889-8244,llave.8831@example.com,Calle 21 de Mayo,False,Carismático
247,Javier,López,+1(603)587-9410,llave@example.net,Avenida del Sol,True,Confiable
248,Pedro,Arriaga,+1(603)597-6249,llave_3459@example.org,Avenida del Ejército,True,Creativo
249,Rafael,Peralta,+1(603)637-6262,llave_6327@example.com,Calle 21 de Mayo,False,Cuidadoso
250,Luciana,Espinoza,+1(603)874-1520,llavelab7335@example.org,Calle San José,True,Dedicado
251,Enrique,Navarro,+1(603)893-9672,lluvia2781@example.org,Avenida Costanera,True,Determinado
252,Santiago,Villalobos,+1(603)967-8849,lobo@example.net,Avenida Sucre,True,Dinámico
253,Jimena,Vásquez,+1(605)865-5713,loboio8544@example.org,Calle Real,True,Eficaz
254,Isabel,Navarro,+1(605)909-7927,lobox1955@example.org,Avenida Santa Fe,True,Educado
255,Florencia,Montoya,+1(606)280-6714,loro8785@example.com,Avenida Grito de Dolores,True,Elegante
256,José,Castro,+1(606)317-7804,loro@example.net,Calle 21 de Mayo,False,Emprendedor
257,Rodrigo,Montoya,+1(606)972-8862,loroio9189@example.org,Avenida La Paz,True,Enérgico
258,Diego,Montes,+1(608)449-1996,loroofficial3301@example.net,Paseo de la Reforma,True,Entusiasta
259,Jorge,Cortez,+1(608)698-1881,lorox9719@example.net,Avenida Grito de Dolores,True,Empático
260,Enrique,Avila,+1(608)868-0556,luna@example.org,Avenida San Juan,True,Exitoso
261,María,León,+1(608)987-1841,luz1995@example.org,Avenida La Paz,True,Flexible
262,Valentina,Benítez,+1(609)491-9198,luz7892@example.com,Carrera 15,True,Firme
263,Natalia,Godoy,+1(609)566-3189,maestro.8198@example.net,Avenida Costanera,True,Generoso
264,Hugo,Mendoza,+1(612)523-3875,maestro1196@example.net,Calle Real,True,Gentil
265,Julio,Paredes,+1(612)936-6569,maizofficial6407@example.com,Boulevard Artigas,False,Honesto
266,Pablo,Morales,+1(614)404-3257,maizofficial7179@example.net,Avenida Simon Bolívar,True,Humilde
267,Mariana,Cisneros,+1(615)259-0857,mango-97@example.com,Avenida Universidad,True,Ingenioso
268,Rafael,Zamora,+1(615)680-9202,mango4596@example.org,Avenida Amazonas Norte,True,Inspirador
269,María,Torres,+1(616)633-8473,manzanaio4467@example.net,Avenida Alem,False,Inteligente
270,Rodrigo,Soto,+1(616)805-3817,manzanaio9749@example.org,Avenida Paulista Oeste,False,Leal
271,Fernanda,Correa,+1(618)379-3994,mapa_7618@example.net,Avenida Paseo Colón,True,Luminoso
272,Verónica,Molina,+1(620)617-3033,marfil_7173@example.org,Avenida Alvear,False,Motivado
273,Sofía,Rodríguez,+1(623)323-9196,medusa-8678@example.net,Paseo de la Reforma,True,Noble
274,Beatriz,Soto,+1(623)405-6730,mega.9821@example.com,Avenida Santa Fe,True,Optimista
275,Cecilia,Ruiz,+1(623)450-7900,mega3290@example.net,Avenida San Martín,False,Organizado
276,Leticia,Torres,+1(626)595-1310,melon_3687@example.org,Calle Mayor,True,Paciente
277,Patricia,Ramos,+1(626)829-1621,melon_9813@example.com,Avenida Costanera,True,Perseverante
278,Camila,Mendoza,+1(629)952-9405,melonlab9286@example.org,Avenida Pedro de Valdivia,True,Persistente
279,Mirian,Moreno,+1(630)508-0649,melonofficial4511@example.com,Calle O'Higgins,True,Positivo
280,Lorena,Correa,+1(631)442-3279,mesa@example.net,Avenida das Americas,True,Prudente
281,Sebastián,Sánchez,+1(641)236-9997,microfono-6734@example.com,Paseo de la Reforma Norte,True,Responsable
282,Manuel,Medina,+1(641)891-1611,microfono.2703@example.net,Avenida Alem,True,Respetuoso
283,Iván,Miranda,+1(641)955-8803,microfonoofficial1249@example.com,Carrera 7,True,Sensato
284,Alexander,Maldonado,+1(641)960-6717,microfonox9710@example.com,Calle Mayorazgo,True,Sensible
285,Javier,Pérez,+1(646)352-4201,mochila-1204@example.net,Avenida del Ejército,True,Sociable
286,Mariana,Ramírez,+1(646)525-0175,mochila.3897@example.com,Avenida Costanera,True,Solidario
287,Renata,Flores,+1(650)944-4728,mochila2407@example.com,Camino a la Playa,True,Talentoso
288,Carmen,Soto,+1(651)946-8370,mochila6067@example.net,Camino de los Españoles,True,Valiente
289,Santiago,Morales,+1(657)755-1839,mochila_6318@example.org,Avenida Constitucion,True,Virtuoso
290,Alexander,Salazar,+1(660)505-2781,mochilaofficial9280@example.net,Avenida España,True,Vital
291,Isabel,Cortez,+1(660)579-7724,mofeta-6894@example.net,Avenida 12 de Abril,True,Visionario
292,Tomás,Romero,+1(661)904-3672,mofeta681@example.net,Avenida Fajardo,False,Vigoroso
293,Elena,Guerrero,+1(662)326-4627,monitor@example.org,Avenida Independencia,False,Valioso
294,Claudia,Acosta,+1(662)813-4580,mono2983@example.com,Avenida 9 de Julio,True,Útil
295,Ana,Salazar,+1(667)260-3622,mono3316@example.org,Avenida 7 de Agosto,True,Único
296,Brenda,Díaz,+1(669)228-8281,mono@example.net,Calle Real,True,Admirable
297,Víctor,Guerrero,+1(669)289-5435,mono_4879@example.org,Avenida Costanera,False,Afectuoso
298,David,Valencia,+1(669)378-5534,mono_8267@example.net,Avenida João Pessoa,True,Amable
299,Leonardo,Paredes,+1(678)205-5494,monoofficial4067@example.net,Avenida Alvear Norte,True,Amigable
300,Rafael,Montes,+1(678)549-9532,moto-4953@example.net,Avenida 6 de Diciembre,True,Amoroso
301,Sebastián,Tovar,+1(678)622-9844,motor2943@example.net,Paseo de la Reforma,True,Apasionado
302,Camila,Campos,+1(678)905-1127,nano7921@example.net,Avenida Providencia,True,Audaz
303,Renata,Palacios,+1(681)669-8768,nano_2731@example.org,Calle 25 de Mayo,True,Brillante
304,Verónica,Cortez,+1(684)568-6717,nano_9330@example.com,Rua XV de Novembro,False,Bondadoso
305,Diana,Castro,+1(684)652-3705,nanoio7005@example.net,Avenida Amazonas,True,Carismático
306,Elena,Rodríguez,+1(701)462-6447,nanolab1875@example.com,Avenida Amazonas Norte,True,Confiable
307,Diana,Arroyo,+1(701)584-3868,naranja-4735@example.org,Rua das Flores,True,Creativo
308,Gustavo,Reyes,+1(701)744-6073,naranja4824@example.net,Avenida 5 de Febrero,True,Cuidadoso
309,Mónica,Soto,+1(702)701-1947,naranja_3235@example.com,Avenida 5 de Mayo,True,Dedicado
310,Emilio,Medina,+1(703)207-0393,negro1120@example.com,Avenida Presidente Vargas,True,Determinado
311,Rosa,Acosta,+1(703)361-2817,negro_5432@example.net,Avenida Luro,True,Dinámico
312,Marco,Aguilar,+1(703)954-0136,negrolab7463@example.net,Avenida 9 de Octubre,True,Eficaz
313,Jorge,Ruiz,+1(703)994-6925,negrox2817@example.com,Avenida Presidente Vargas,True,Educado
314,Patricia,Valdez,+1(704)796-8820,ninja-5199@example.org,Avenida Victoria,True,Elegante
315,Juan,García,+1(708)662-1456,nube@example.com,Carrera 7,True,Emprendedor
316,Isabel,Acosta,+1(712)565-4115,nubecomp5689@example.com,Camino Real,True,Enérgico
317,Julia,Ramírez,+1(715)608-3112,nubecomplab4252@example.org,Avenida San Martín,True,Entusiasta
318,Carolina,Espinoza,+1(716)443-7730,nubeio8847@example.com,Boulevard Santa Fe,True,Empático
319,Fernanda,Campos,+1(716)524-7731,nubex8844@example.org,Avenida Juárez,True,Exitoso
320,Julio,Arellano,+1(717)732-9195,nutria4319@example.org,Avenida das Americas,True,Flexible
321,Ramiro,Núñez,+1(717)917-1438,nutria@example.org,Via Argentina,True,Firme
322,Carlos,García,+1(719)789-5721,nutria_9284@example.org,Avenida João Pessoa,True,Generoso
323,Ricardo,Arriaga,+1(719)870-5946,nutrialab2202@example.net,Avenida Central Norte,True,Gentil
324,Emilio,Espinoza,+1(719)875-4321,nutriax5178@example.com,Avenida Hidalgo,True,Honesto
325,Beatriz,Jiménez,+1(720)573-1433,orejalab8041@example.com,Avenida Libertador,True,Humilde
326,Fernando,Vásquez,+1(724)237-6919,oso-2336@example.org,Avenida Central Norte,True,Ingenioso
327,Javier,Guerrero,+1(724)753-8657,oso-3396@example.org,Avenida 7 de Agosto,True,Inspirador
328,Estefanía,Rojas,+1(724)755-6150,oveja1533@example.net,Avenida Hidalgo,True,Inteligente
329,Paola,Navarro,+1(725)217-6920,oveja_7607@example.org,Camino Real,True,Leal
330,Santiago,Rivas,+1(725)449-5836,panio9217@example.org,Paseo de los Héroes,True,Luminoso
331,Sandra,Cabrera,+1(725)688-8787,pantera@example.net,Avenida Paulista Oeste,True,Alegre
332,Lucía,Reyes,+1(731)480-5461,pastel9135@example.net,Calle O'Higgins,True,Amable
333,Lucía,Maldonado,+1(732)997-7258,pastellab5806@example.net,Avenida 24 de Mayo,True,Agradable
334,Ana,Martínez,+1(734)852-0607,pastellab7881@example.net,Avenida Amazonas,True,Atractivo
335,Alejandra,Campos,+1(734)937-2399,patoio6993@example.com,Calle del Comercio,True,Aventurero
336,Raúl,García,+1(737)404-5071,patoofficial9830@example.com,Avenida Boyacá,True,Brillante
337,Fernanda,Ramos,+1(740)291-5431,patox9006@example.net,Avenida de la Cultura,True,Bondadoso
338,Diego,Godoy,+1(743)821-1017,peludo.7474@example.net,Avenida Grito de Dolores,False,Creativo
339,Jorge,Chávez,+1(747)249-0602,pelusa_6223@example.org,Boulevard Artigas,False,Compasivo
340,Hugo,Castillo,+1(747)442-1652,pera.1563@example.net,Avenida Luro,True,Confiable
341,Rosa,Carranza,+1(747)516-3418,pera_6254@example.org,Calle 13,True,Carismático
342,Florencia,Arroyo,+1(747)714-2870,peralab3349@example.org,Avenida Caracas,True,Cariñoso
343,Rubén,Fuentes,+1(754)995-3380,peraofficial5652@example.org,Avenida Libertador,True,Cuidadoso
344,Santiago,Del Valle,+1(757)735-0930,perax2183@example.com,Avenida San Martín Norte,True,Dedicado
345,David,Rojas,+1(760)248-3994,piano8547@example.com,Avenida Bicentenario,True,Determinado
346,Julia,Bravo,+1(760)968-8262,pico-6758@example.com,Avenida 20 de Julio,True,Dinámico
347,Daniela,Cabrera,+1(762)443-2118,pico2789@example.org,Avenida América,True,Educado
348,Alexander,Del Valle,+1(762)445-9676,piedra3278@example.org,Avenida Simon Bolívar,True,Eficiente
349,Gustavo,Solís,+1(762)575-8097,piedraofficial6180@example.com,Avenida América,False,Elegante
350,Martín,Serrano,+1(762)802-0847,pintura.5648@example.net,Boulevard Artigas,True,Entusiasta
351,Patricia,Jiménez,+1(762)989-1944,pintura_5092@example.com,Avenida Bicentenario,True,Empático
352,Claudia,Contreras,+1(762)999-1363,pinturaofficial1154@example.com,Avenida 20 de Julio,False,Energético
353,Ramiro,Camacho,+1(763)592-0232,pinturaofficial5394@example.org,Avenida de Mayo,True,Exitoso
354,Laura,Hernández,+1(763)867-9359,pixel-5305@example.com,Avenida Pedro de Valdivia,True,Flexible
355,Diana,Paredes,+1(765)799-3011,pixel.9891@example.org,Avenida del Sol,True,Fiel
356,Ernesto,Gómez,+1(769)306-8369,pixel_7711@example.org,Avenida Central Norte,True,Generoso
357,Teresa,Castillo,+1(770)423-1279,pixelofficial1050@example.com,Avenida Costanera,True,Gentil
358,Ana,Herrera,+1(772)688-1530,pixelx606@example.net,Avenida Amazonas,True,Honesto
359,Rebeca,Bravo,+1(773)690-1330,platano1312@example.net,Calle O'Higgins,True,Humilde
360,Héctor,Escobar,+1(774)556-4661,platanoio4554@example.org,Avenida Libertador Bernardo O'Higgins,True,Ingenioso
361,Daniela,Bravo,+1(774)847-6323,platanoofficial7134@example.com,Avenida Lope de Vega,True,Inspirador
362,Rafael,Estrada,+1(775)645-0095,playa.2918@example.com,Calle 21 de Mayo,True,Inteligente
363,Andrea,Herrera,+1(775)954-3691,playa5909@example.com,Avenida Libertador Bernardo O'Higgins,True,Juguetón
364,Rodrigo,Martínez,+1(779)616-4999,pluma@example.com,Avenida Pedro de Valdivia,True,Justo
365,Isabel,Ramírez,+1(781)670-1884,polloio4536@example.com,Ring Road,False,Leal
366,Adriana,Herrera,+1(785)414-3072,pollox2666@example.net,Avenida Corrientes,True,Lúcido
367,Ramiro,Carranza,+1(785)650-6979,puente6200@example.net,Camino del Inca,True,Motivado
368,Beatriz,Flores,+1(786)542-0299,puenteofficial1512@example.net,Avenida Independencia,True,Noble
369,Elisa,Mejía,+1(786)910-1970,puerta8577@example.com,Avenida Libertador Bernardo O'Higgins,True,Optimista
370,Marco,Valdez,+1(801)332-2189,puertaofficial7365@example.org,Avenida 9 de Julio,True,Ordenado
371,Natalia,Medina,+1(801)494-6006,pulpox4891@example.com,Avenida del Libertador,True,Paciente
372,José,Zamora,+1(801)745-8602,puma_9362@example.net,Avenida 9 de Octubre,True,Perseverante
373,Enrique,Carranza,+1(802)550-3161,pumalab8582@example.net,Avenida 5 de Febrero,True,Persistente
374,Andrés,Navarro,+1(802)806-9862,pumax9728@example.com,Avenida Simon Bolívar,True,Positivo
375,Pedro,Romero,+1(803)210-8188,quesolab3751@example.com,Avenida 20 de Julio,False,Prudente
376,Tatiana,Castillo,+1(804)440-3178,raiz-2179@example.org,Calle 21 de Mayo,True,Responsable
377,Mónica,Cortez,+1(805)472-5613,raiz@example.net,Avenida 1 de Mayo,True,Respetuoso
378,Lucía,Aguilar,+1(805)512-8607,raizofficial9111@example.org,Avenida Santa Fe,True,Sensato
379,Ana,Ibarra,+1(805)669-0545,rana-5690@example.org,Avenida Córdoba,True,Sensible
380,Raúl,Luna,+1(805)684-9950,rana852@example.org,Avenida Juárez,True,Sociable
381,Rodrigo,Martínez,+1(805)839-2257,rana@example.net,Avenida Gálvez,True,Solidario
382,Luciana,Aguilar,+1(808)953-8895,rana_7321@example.org,Avenida Presidente Perón,True,Talentoso
383,Pedro,Ruiz,+1(808)985-6405,rana_9916@example.net,Calle 10,True,Valiente
384,Isabel,Gómez,+1(810)244-3033,rata.5153@example.net,Avenida 5 de Mayo,True,Virtuoso
385,Hugo,Acosta,+1(810)520-7208,rata3344@example.org,Avenida San Martín Norte,True,Vital
386,Iván,Arriaga,+1(812)745-2648,raton.7165@example.com,Avenida 27 de Febrero,True,Visionario
387,Valentina,Gómez,+1(813)536-1077,raton3295@example.net,Avenida 24 de Mayo,True,Vigoroso
388,Alejandra,Castillo,+1(813)604-0278,ratonofficial4963@example.net,Avenida Los Próceres,True,Valioso
389,Diana,Silva,+1(813)813-1754,ratonx6203@example.org,Avenida Alvear,True,Útil
390,Mauricio,Torres,+1(813)862-5761,rayo@example.com,Avenida Presidente Perón,True,Único
391,Rubén,Avila,+1(814)271-7934,rayoofficial4789@example.org,Avenida 9 de Julio,True,Admirable
392,Mónica,Benítez,+1(814)412-5846,remolino.5248@example.com,Avenida Alvear,True,Afectuoso
393,Florencia,Treviño,+1(814)812-8197,remolino_6420@example.com,Avenida Rivadavia,True,Amigable
394,Claudia,Soto,+1(815)784-7131,rio@example.org,Carrera 7,True,Amoroso
395,Víctor,Hernández,+1(817)383-2506,rioio8689@example.com,Avenida 5 de Febrero,True,Apasionado
396,Felipe,Martínez,+1(817)751-6655,rioofficial1332@example.com,Avenida Juan de Garay,True,Audaz
397,Elisa,Bravo,+1(830)761-9763,riox5161@example.org,Plaza Mayor,True,Brillante
398,Florencia,Maldonado,+1(831)810-9842,robotio2971@example.net,Avenida Alvear Norte,False,Bondadoso
399,Arturo,Avila,+1(832)818-9248,rojo-5123@example.org,Avenida Alvear Norte,True,Carismático
400,Isabel,Gallegos,+1(832)876-2217,rojo8427@example.org,Carrera 15,True,Confiable
401,Héctor,Villalobos,+1(838)297-7516,rojoio5746@example.org,Calle del Sol,False,Creativo
402,Patricia,Montes,+1(838)864-3898,rojoio7255@example.org,Avenida República,True,Cuidadoso
403,Nicolás,Serrano,+1(839)381-8768,rojoio9904@example.com,Malecón,True,Dedicado
404,Hugo,Cuevas,+1(839)737-9484,rosa3853@example.net,Avenida Alem,True,Determinado
405,Gabriela,Hernández,+1(839)936-4917,rosa476@example.net,Avenida 7 de Agosto,True,Dinámico
406,Verónica,Aguilar,+1(839)964-4468,rosaio4861@example.net,Avenida España,True,Eficaz
407,Hugo,Ibarra,+1(840)304-8630,rosaio9377@example.com,Via Argentina,True,Educado
408,Sandra,Avila,+1(840)941-1347,rosaofficial2022@example.org,Avenida Córdoba,True,Elegante
409,Isabel,Núñez,+1(843)526-6648,sal@example.net,Avenida Caracas,True,Emprendedor
410,Renata,Vega,+1(843)620-1794,salto-9922@example.com,Avenida del Libertador,True,Enérgico
411,Miguel,Peralta,+1(843)768-9140,salto@example.net,Rua das Flores,False,Entusiasta
412,Liliana,Espinoza,+1(843)816-8386,saltoio3875@example.org,Avenida Libertador,True,Empático
413,David,Sánchez,+1(843)980-2991,saltoofficial5728@example.com,Avenida Independencia,True,Exitoso
414,Elisa,Avila,+1(845)767-2186,samurai9966@example.com,Avenida Universidad,True,Flexible
415,Rocío,Soto,+1(848)209-3281,samurai_1122@example.com,Calle del Sol,False,Firme
416,José,Navarro,+1(848)551-4812,samuraiio2436@example.net,Avenida La Paz,True,Generoso
417,Patricia,Arriaga,+1(848)658-6866,sandia-1327@example.org,Avenida Las Américas,True,Gentil
418,Felipe,Villalobos,+1(848)832-8224,sandia-7862@example.org,Avenida Independencia Norte,True,Honesto
419,Valentina,Rojas,+1(850)355-6373,sandia.2320@example.com,Avenida San Martín Norte,True,Humilde
420,Enrique,Díaz,+1(850)721-4587,sandialab1576@example.org,Ring Road,True,Ingenioso
421,Cecilia,Del Valle,+1(856)814-5084,sandiaofficial1259@example.net,Camino a la Sierra,True,Inspirador
422,Andrés,Campos,+1(857)486-1280,sandiax555@example.net,Avenida Bicentenario,False,Inteligente
423,Gerardo,Reyes,+1(863)350-7916,saxo3680@example.com,Avenida Universidad,True,Leal
424,Sandra,Luna,+1(863)458-5793,saxoio3262@example.org,Rua das Flores,True,Luminoso
425,Víctor,Suárez,+1(865)222-9410,semilla1361@example.com,Avenida Paulista,True,Motivado
426,Jorge,Godoy,+1(865)563-0994,semilla612@example.com,Calle O'Higgins,True,Noble
427,Gabriela,Maldonado,+1(870)508-5290,semilla7733@example.com,Avenida 12 de Abril,False,Optimista
428,Iván,Núñez,+1(872)796-5267,semilla_8551@example.net,Avenida Boyacá,True,Organizado
429,Renata,Miranda,+1(878)498-0736,semillaio5088@example.com,Avenida Central Norte,True,Paciente
430,Nicolás,Pérez,+1(878)836-6360,semillaofficial9756@example.net,Avenida 7 de Mayo,True,Perseverante
431,Raúl,Carranza,+1(903)281-7534,semillax851@example.org,Avenida Revolución,True,Persistente
432,Rodrigo,Campos,+1(903)371-3418,serpiente-4726@example.com,Camino Real,True,Positivo
433,Patricia,Medina,+1(903)493-3533,serpiente9852@example.org,Avenida 1 de Mayo,True,Prudente
434,Francisco,Ochoa,+1(903)513-2346,serpienteio3948@example.com,Avenida Las Américas,True,Responsable
435,Óscar,Delgado,+1(903)944-5371,serpientex7931@example.org,Calle Mayor,False,Respetuoso
436,Fernando,Carrillo,+1(904)359-8459,servidorofficial4143@example.com,Avenida 7 de Mayo,True,Sensato
437,Enrique,Torres,+1(906)981-3975,silla7153@example.org,Avenida San Borja,False,Sensible
438,Estefanía,Zamora,+1(908)809-8987,sillaio838@example.net,Avenida Alvear Norte,True,Sociable
439,Beatriz,Zamora,+1(909)558-3866,sol.1707@example.org,Avenida 6 de Diciembre,True,Solidario
440,Elisa,Zamora,+1(909)763-9067,sol.9022@example.net,Avenida Tres de Febrero,True,Talentoso
441,Fernando,Aguilar,+1(910)823-6108,sol1366@example.org,Avenida Paulista Oeste,True,Valiente
442,Ángela,Cordero,+1(910)835-4163,sol805@example.com,Calle del Sol,True,Virtuoso
443,Valentina,Escobar,+1(912)817-1470,sol@example.org,Avenida Libertador Norte,True,Vital
444,Pablo,Hernández,+1(914)384-9336,solio7378@example.org,Avenida del Sol,True,Visionario
445,Rodrigo,Avila,+1(915)490-4574,solofficial6870@example.com,Camino Real,True,Vigoroso
446,Claudia,Soto,+1(917)436-8562,sombra-477@example.org,Avenida Fajardo,True,Valioso
447,Jorge,Zamora,+1(917)888-3252,sombra9942@example.net,Avenida del Comercio,True,Útil
448,Paola,Beltrán,+1(918)241-2894,sombraofficial8005@example.org,Calle San José,True,Único
449,Jimena,Campos,+1(925)751-4469,sombrero.3759@example.com,Avenida Fajardo,True,Admirable
450,Miguel,Rosales,+1(925)808-6835,taco.6025@example.net,Avenida Paseo Colón,True,Afectuoso
451,Carlos,Ramírez,+1(925)815-5399,taza@example.org,Calle 25 de Mayo,True,Amable
452,Gerardo,Molina,+1(928)886-8502,tazaio5439@example.net,Avenida Rivadavia,True,Amigable
453,Jimena,Silva,+1(929)702-0910,te@example.org,Via Argentina,True,Atractivo
454,Tatiana,Rodríguez,+1(930)446-1081,teio5171@example.com,Paseo de la Reforma Norte,True,Apasionado
455,Natalia,Mejía,+1(930)598-0930,teofficial306@example.net,Avenida 7 de Agosto,False,Audaz
456,Teresa,Avila,+1(931)772-2242,texto.8502@example.net,Avenida San Borja,True,Brillante
457,Fernando,Cordero,+1(934)573-9008,texto_9540@example.com,Calle 18 de Julio,True,Bondadoso
458,Andrés,Rosales,+1(934)948-7803,textoofficial9831@example.org,Calle Principal,False,Carismático
459,Verónica,Montes,+1(936)692-9905,textox2720@example.net,Rua XV de Novembro,True,Confiable
460,Patricia,Tovar,+1(938)367-5069,tiburon5475@example.com,Via del Mar,False,Creativo
461,Pedro,Díaz,+1(938)764-1898,tiburonio7702@example.org,Ring Road,True,Cuidadoso
462,Laura,Montes,+1(940)226-2341,tiburonio8108@example.org,Avenida das Americas,False,Dedicado
463,Adriana,Cruz,+1(940)247-5199,tigre3445@example.org,Carrera 15,True,Determinado
464,Luis,Paredes,+1(941)232-3365,tigreio3532@example.com,Calle Bolívar,True,Dinámico
465,Elena,Suárez,+1(941)377-5406,tigrelab4744@example.com,Avenida Independencia Norte,True,Eficaz
466,María,Ochoa,+1(947)603-4793,timber4618@example.org,Avenida Juárez,False,Educado
467,Julia,González,+1(949)318-8644,timber@example.com,Avenida 20 de Julio,True,Elegante
468,Ana,Flores,+1(949)370-8950,timberio2822@example.net,Plaza Mayor,False,Emprendedor
469,Mónica,García,+1(949)409-5774,timberio7738@example.net,Avenida Independencia Norte,True,Enérgico
470,Antonio,Ramos,+1(952)530-9923,timberlab6651@example.com,Calle San Martín,True,Entusiasta
471,Sofía,Beltrán,+1(952)768-8913,toroofficial2177@example.com,Avenida del Ejército,False,Empático
472,Daniela,Campos,+1(952)989-9830,torox185@example.com,Avenida 27 de Febrero,True,Exitoso
473,Lorena,Avila,+1(954)876-8587,torreofficial7654@example.org,Gran Vía,True,Flexible
474,Andrés,Espinoza,+1(954)999-7839,tren@example.com,Avenida Río Branco,True,Firme
475,Alejandra,Cordero,+1(956)485-1903,turbo.6499@example.com,Avenida 24 de Mayo,False,Generoso
476,Andrés,Gómez,+1(959)883-7381,turbo_2699@example.com,Calle del Parque,True,Gentil
477,Manuel,Cordero,+1(959)982-3679,uva-1366@example.net,Avenida Paulista,True,Honesto
478,Julia,Arroyo,+1(971)285-8980,vacaio2054@example.net,Boulevard Santa Fe,False,Humilde
479,Teresa,Vásquez,+1(971)419-2554,velero8657@example.net,Avenida Santa Fe,True,Ingenioso
480,Rosa,Contreras,+1(971)491-1814,velerox9707@example.org,Gran Vía,False,Inspirador
481,Leticia,Salazar,+1(971)592-1729,veloz@example.org,Avenida 27 de Febrero,True,Inteligente
482,José,Acosta,+1(971)862-7687,veloz_1593@example.net,Avenida Boyacá,True,Leal
483,Elena,Pérez,+1(972)433-2903,velozx4196@example.com,Avenida del Comercio,True,Luminoso
484,Patricia,Ramírez,+1(973)374-2496,velozx8970@example.com,Avenida Boyacá,True,Motivado
485,Javier,Hernández,+1(975)385-7207,ventana1385@example.net,Paseo de la Reforma Norte,True,Noble
486,Camila,Vega,+1(975)928-3289,ventana@example.org,Avenida Libertador Bernardo O'Higgins,True,Optimista
487,Gerardo,Ortiz,+1(978)320-4803,ventanaio4279@example.com,Avenida del Comercio,True,Organizado
488,Andrés,Ramírez,+1(978)344-2772,ventanaio8685@example.org,Avenida de Mayo,True,Paciente
489,Diego,Arroyo,+1(979)687-4771,ventanalab9840@example.org,Gran Vía,True,Perseverante
490,Patricia,Gallegos,+1(980)407-8508,verde-5828@example.net,Avenida 3 de Febrero,True,Persistente
491,Lucía,Rojas,+1(980)681-0899,verde-868@example.net,Avenida Presidente Perón,True,Positivo
492,Brenda,González,+1(980)840-4075,verde.7805@example.org,Avenida 9 de Julho,True,Prudente
493,Rafael,Arroyo,+1(984)344-9385,verdelab9594@example.net,Plaza Mayor,True,Responsable
494,Vanessa,Montes,+1(984)546-2743,verdeofficial1530@example.net,Avenida 5 de Mayo,True,Respetuoso
495,Felipe,Castro,+1(984)963-9919,viento-9517@example.org,Avenida Libertador,True,Sensato
496,Florencia,Serrano,+1(985)309-3233,viento@example.org,Avenida Fco. de Miranda,True,Sensible
497,Marisol,Valencia,+1(986)360-3303,violin@example.org,Avenida Libertador,False,Sociable
498,Liliana,Herrera,+1(989)266-2297,violinofficial5537@example.net,Malecón,True,Solidario
499,Óscar,Herrera,+1(989)819-5220,volcanio5012@example.com,Avenida 6 de Diciembre,True,Talentoso
500,Luciana,Cordero,+1(989)932-6405,zorro_8198@example.net,Calle Mayor,True,Valiente
